S_BGs,S_Os
61.632531908578216,-20.87777777777778
58.927203625200995,-11.437275985663078
55.935529881614606,-11.652777777777771
58.72289156626506,-11.345195729537366
