S_BGs,S_Os
61.75116875282763,528.0961538461538
57.0128768368429,429.94615384615383
56.133401221995925,383.30384615384617
58.73934152632378,343.83076923076925
