S_BGs,S_Os
-37.99116754071212,72.65826330532212
-36.48081700248413,78.95798319327731
-36.50952249516975,85.70588235294117
-39.831355230471985,80.03361344537815
