S_BGs,S_Os
-22.724012158054713,628.0961538461538
-26.325531914893617,529.9461538461538
-23.425835866261398,483.30384615384617
-26.59179331306991,443.83076923076925
