ground_truth_mass,calcium_mass
219.91148575128557,252.8965463661823
219.91148575128557,249.00157667581948
219.91148575128557,259.5030818986505
219.91148575128557,257.8078185282224
