ground_truth_mass,calcium_mass
27.488935718910696,36.44704820631289
27.488935718910696,40.02625045946782
27.488935718910696,43.62122863050749
27.488935718910696,44.420539586888516
