ground_truth_mass,calcium_mass
219.91148575128557,196.03601857466836
219.91148575128557,202.08207502984453
219.91148575128557,202.02266450400796
219.91148575128557,210.54094949427676
